english,catalan,date
Act,actuar,2024-07-25 10:55:08.392634
Add,afegir,2024-07-26 10:55:08.392634
Age,edat,2024-07-27 10:55:08.392634
Aim,objectiu,2024-07-28 10:55:08.392634
Air,aire,2024-07-29 10:55:08.392634
All,tots,2024-07-30 10:55:08.392634
And,i,2024-07-31 10:55:08.392634
Ant,formiga,2024-08-01 10:55:08.392634
Any,cap,2024-08-02 10:55:08.392634
Ask,preguntar,2024-08-03 10:55:08.392634
Bad,dolent,2024-08-04 10:55:08.392634
Big,gran,2024-08-05 10:55:08.392634
Buy,comprar,2024-08-06 10:55:08.392634
Cry,plorar,2024-08-07 10:55:08.392634
Dam,presa,2024-08-08 10:55:08.392634
Die,morir,2024-08-09 10:55:08.392634
Dry,sec,2024-08-10 10:55:08.392634
End,final,2024-08-11 10:55:08.392634
Ear,orella,2024-08-12 10:55:08.392634
Eat,menjar,2024-08-13 10:55:08.392634
Egg,ou,2024-08-14 10:55:08.392634
Eye,ull,2024-08-15 10:55:08.392634
Fat,greix,2024-08-16 10:55:08.392634
Fly,volar,2024-08-17 10:55:08.392634
Fun,diversió,2024-08-18 10:55:08.392634
Get,aconseguir,2024-08-19 10:55:08.392634
God,Déu,2024-08-20 10:55:08.392634
Hen,gallina,2024-08-21 10:55:08.392634
Hot,calent,2024-08-22 10:55:08.392634
Job,feina,2024-08-23 10:55:08.392634
Leg,cama,2024-08-24 10:55:08.392634
Lie,mentida,2024-08-25 10:55:08.392634
Low,baix,2024-08-26 10:55:08.392634
Mad,boig,2024-08-27 10:55:08.392634
Man,home,2024-08-28 10:55:08.392634
Not,no,2024-08-29 10:55:08.392634
Now,ara,2024-08-30 10:55:08.392634
New,nou,2024-08-31 10:55:08.392634
Old,vell,2024-09-01 10:55:08.392634
Own,propi,2024-09-02 10:55:08.392634
Run,correr,2024-09-03 10:55:08.392634
Sad,trist,2024-09-04 10:55:08.392634
Sea,mar,2024-09-05 10:55:08.392634
See,veure,2024-09-06 10:55:08.392634
Shy,tímid,2024-09-07 10:55:08.392634
Sit,seure,2024-09-08 10:55:08.392634
Sum,suma,2024-09-09 10:55:08.392634
Sun,sol,2024-09-10 10:55:08.392634
Tax,impost,2024-09-11 10:55:08.392634
Try,provar,2024-09-12 10:55:08.392634
Use,utilitzar,2024-09-13 10:55:08.392634
War,guerra,2024-09-14 10:55:08.392634
Wet,humit,2024-09-15 10:55:08.392634
Why,Per què,2024-09-16 10:55:08.392634
Win,guanyar,2024-09-17 10:55:08.392634
Yes,sí,2024-09-18 10:55:08.392634
You,vostè,2024-09-19 10:55:08.392634
Also,també,2024-09-20 10:55:08.392634
Baby,nadó,2024-09-21 10:55:08.392634
Back,esquena,2024-09-22 10:55:08.392634
Bake,enfornar,2024-09-23 10:55:08.392634
Bald,calb,2024-09-24 10:55:08.392634
Ball,pilota,2024-09-25 10:55:08.392634
Bark,escorça,2024-09-26 10:55:08.392634
Bath,bany,2024-09-27 10:55:08.392634
Beet,remolatxa,2024-09-28 10:55:08.392634
Bend,doblegar,2024-09-29 10:55:08.392634
Best,millor,2024-09-30 10:55:08.392634
Bird,ocell,2024-10-01 10:55:08.392634
Bold,agosarat,2024-10-02 10:55:08.392634
Bone,os,2024-10-03 10:55:08.392634
Book,llibre,2024-10-04 10:55:08.392634
Born,nascut,2024-10-05 10:55:08.392634
Both,tots dos,2024-10-06 10:55:08.392634
Busy,ocupada,2024-10-07 10:55:08.392634
Call,anomenada,2024-10-08 10:55:08.392634
Calm,calma,2024-10-09 10:55:08.392634
Care,cura,2024-10-10 10:55:08.392634
Come,vine,2024-10-11 10:55:08.392634
Cost,cost,2024-10-12 10:55:08.392634
Cute,bonic,2024-10-13 10:55:08.392634
Crow,Corb,2024-10-14 10:55:08.392634
Dare,atrevir-se,2024-10-15 10:55:08.392634
Dark,fosc,2024-10-16 10:55:08.392634
Date,data,2024-10-17 10:55:08.392634
Deal,acord,2024-10-18 10:55:08.392634
Diet,dieta,2024-10-19 10:55:08.392634
Dish,plat,2024-10-20 10:55:08.392634
Door,porta,2024-10-21 10:55:08.392634
Down,cap avall,2024-10-22 10:55:08.392634
Dust,pols,2024-10-23 10:55:08.392634
Each,cadascun,2024-10-24 10:55:08.392634
Earn,guanyar,2024-10-25 10:55:08.392634
Easy,fàcil,2024-10-26 10:55:08.392634
Edge,vora,2024-10-27 10:55:08.392634
Evil,dolent,2024-10-28 10:55:08.392634
Exit,sortida,2024-10-29 10:55:08.392634
Face,cara,2024-10-30 10:55:08.392634
Fact,fet,2024-10-31 10:55:08.392634
Fair,Fira,2024-11-01 10:55:08.392634
Fake,fals,2024-11-02 10:55:08.392634
Farm,granja,2024-11-03 10:55:08.392634
Fast,ràpid,2024-11-04 10:55:08.392634
Fear,por,2024-11-05 10:55:08.392634
Feel,sentir,2024-11-06 10:55:08.392634
Find,trobar,2024-11-07 10:55:08.392634
Need,necessitat,2024-11-08 10:55:08.392634
Next,Pròxim,2024-11-09 10:55:08.392634
Only,només,2024-11-10 10:55:08.392634
Pain,dolor,2024-11-11 10:55:08.392634
Pair,parella,2024-11-12 10:55:08.392634
Park,parc,2024-11-13 10:55:08.392634
Path,Camí,2024-11-14 10:55:08.392634
Play,jugar,2024-11-15 10:55:08.392634
Poor,pobre,2024-11-16 10:55:08.392634
Pull,estirar,2024-11-17 10:55:08.392634
Pure,pur,2024-11-18 10:55:08.392634
Quit,sortir,2024-11-19 10:55:08.392634
Quiz,qüestionari,2024-11-20 10:55:08.392634
Race,carrera,2024-11-21 10:55:08.392634
Rain,pluja,2024-11-22 10:55:08.392634
Rare,rar,2024-11-23 10:55:08.392634
Real,real,2024-11-24 10:55:08.392634
Rent,lloguer,2024-11-25 10:55:08.392634
Rest,descans,2024-11-26 10:55:08.392634
Rich,ric,2024-11-27 10:55:08.392634
Ride,passeig,2024-11-28 10:55:08.392634
Rise,pujar,2024-11-29 10:55:08.392634
Risk,risc,2024-11-30 10:55:08.392634
Room,habitació,2024-12-01 10:55:08.392634
Rope,corda,2024-12-02 10:55:08.392634
Rude,groller,2024-12-03 10:55:08.392634
Sage,savi,2024-12-04 10:55:08.392634
Sail,navegar,2024-12-05 10:55:08.392634
Salt,sal,2024-12-06 10:55:08.392634
Same,mateix,2024-12-07 10:55:08.392634
Sand,sorra,2024-12-08 10:55:08.392634
Save,guardar,2024-12-09 10:55:08.392634
Scam,estafa,2024-12-10 10:55:08.392634
Seed,llavor,2024-12-11 10:55:08.392634
Seek,buscar,2024-12-12 10:55:08.392634
Self,jo mateix,2024-12-13 10:55:08.392634
Sell,vendre,2024-12-14 10:55:08.392634
Send,enviar,2024-12-15 10:55:08.392634
Shop,botiga,2024-12-16 10:55:08.392634
Show,espectacle,2024-12-17 10:55:08.392634
Sick,malalt,2024-12-18 10:55:08.392634
Side,costat,2024-12-19 10:55:08.392634
Site,lloc,2024-12-20 10:55:08.392634
Size,mida,2024-12-21 10:55:08.392634
Skin,pell,2024-12-22 10:55:08.392634
Slow,lent,2024-12-23 10:55:08.392634
Soft,suau,2024-12-24 10:55:08.392634
Soil,sòl,2024-12-25 10:55:08.392634
Some,alguns,2024-12-26 10:55:08.392634
Soon,aviat,2024-12-27 10:55:08.392634
Stay,quedar-se,2024-12-28 10:55:08.392634
Stop,Atura,2024-12-29 10:55:08.392634
Such,tal,2024-12-30 10:55:08.392634
Swap,intercanviar,2024-12-31 10:55:08.392634
Swim,nedar,2025-01-01 10:55:08.392634
Take,prendre,2025-01-02 10:55:08.392634
Talk,parlar,2025-01-03 10:55:08.392634
Tall,alt,2025-01-04 10:55:08.392634
Team,equip,2025-01-05 10:55:08.392634
Tell,dir,2025-01-06 10:55:08.392634
Tent,tenda de campanya,2025-01-07 10:55:08.392634
That,això,2025-01-08 10:55:08.392634
Then,aleshores,2025-01-09 10:55:08.392634
Thin,prim,2025-01-10 10:55:08.392634
This,això,2025-01-11 10:55:08.392634
Tide,marea,2025-01-12 10:55:08.392634
Time,temps,2025-01-13 10:55:08.392634
Tour,gira,2025-01-14 10:55:08.392634
Town,poble,2025-01-15 10:55:08.392634
Tree,arbre,2025-01-16 10:55:08.392634
Trip,viatge,2025-01-17 10:55:08.392634
Turn,torn,2025-01-18 10:55:08.392634
Ugly,lleig,2025-01-19 10:55:08.392634
Vase,gerro,2025-01-20 10:55:08.392634
Vein,vena,2025-01-21 10:55:08.392634
Very,molt,2025-01-22 10:55:08.392634
View,vista,2025-01-23 10:55:08.392634
Wage,salari,2025-01-24 10:55:08.392634
Wait,espera,2025-01-25 10:55:08.392634
Wake,despertar,2025-01-26 10:55:08.392634
Walk,caminar,2025-01-27 10:55:08.392634
Wall,paret,2025-01-28 10:55:08.392634
Want,voler,2025-01-29 10:55:08.392634
Warm,càlid,2025-01-30 10:55:08.392634
Warn,avisar,2025-01-31 10:55:08.392634
Weak,feble,2025-02-01 10:55:08.392634
Wear,desgast,2025-02-02 10:55:08.392634
Week,setmana,2025-02-03 10:55:08.392634
Well,bé,2025-02-04 10:55:08.392634
Went,va anar,2025-02-05 10:55:08.392634
What,què,2025-02-06 10:55:08.392634
When,Quan,2025-02-07 10:55:08.392634
Wide,ample,2025-02-08 10:55:08.392634
Wife,dona,2025-02-09 10:55:08.392634
Wild,salvatge,2025-02-10 10:55:08.392634
Will,voluntat,2025-02-11 10:55:08.392634
Wind,vent,2025-02-12 10:55:08.392634
Wine,vi,2025-02-13 10:55:08.392634
Wish,desitjar,2025-02-14 10:55:08.392634
Wood,fusta,2025-02-15 10:55:08.392634
Wool,llana,2025-02-16 10:55:08.392634
Word,paraula,2025-02-17 10:55:08.392634
Work,treball,2025-02-18 10:55:08.392634
Worm,cuc,2025-02-19 10:55:08.392634
Yarn,fil,2025-02-20 10:55:08.392634
Your,teu,2025-02-21 10:55:08.392634
Zoom,zoom,2025-02-22 10:55:08.392634
Above,a dalt,2025-02-23 10:55:08.392634
Adapt,adaptar,2025-02-24 10:55:08.392634
Admit,admetre,2025-02-25 10:55:08.392634
Adult,adult,2025-02-26 10:55:08.392634
After,després,2025-02-27 10:55:08.392634
Again,de nou,2025-02-28 10:55:08.392634
Agree,acordar,2025-03-01 10:55:08.392634
Alert,alerta,2025-03-02 10:55:08.392634
Allow,permetre,2025-03-03 10:55:08.392634
Alone,sol,2025-03-04 10:55:08.392634
Along,al llarg,2025-03-05 10:55:08.392634
Anger,ira,2025-03-06 10:55:08.392634
Angle,angle,2025-03-07 10:55:08.392634
Angry,enfadat,2025-03-08 10:55:08.392634
Asset,actiu,2025-03-09 10:55:08.392634
Avoid,evitar,2025-03-10 10:55:08.392634
Awake,despert,2025-03-11 10:55:08.392634
Aware,conscient,2025-03-12 10:55:08.392634
Begin,començar,2025-03-13 10:55:08.392634
Birth,naixement,2025-03-14 10:55:08.392634
Blood,sang,2025-03-15 10:55:08.392634
Brain,cervell,2025-03-16 10:55:08.392634
Built,construït,2025-03-17 10:55:08.392634
Bring,portar,2025-03-18 10:55:08.392634
Build,construir,2025-03-19 10:55:08.392634
Camel,camell,2025-03-20 10:55:08.392634
Canal,canal,2025-03-21 10:55:08.392634
Carry,portar,2025-03-22 10:55:08.392634
Cheap,barat,2025-03-23 10:55:08.392634
Cheat,enganyar,2025-03-24 10:55:08.392634
Check,comprovar,2025-03-25 10:55:08.392634
Chest,pit,2025-03-26 10:55:08.392634
Claim,reclamació,2025-03-27 10:55:08.392634
Clean,net,2025-03-28 10:55:08.392634
Clear,clar,2025-03-29 10:55:08.392634
Climb,escalar,2025-03-30 10:55:08.392634
Close,Tanca,2025-03-31 10:55:08.392634
Cloth,tela,2025-04-01 10:55:08.392634
Cloud,núvol,2025-04-02 10:55:08.392634
Color,color,2025-04-03 10:55:08.392634
Crime,crim,2025-04-04 10:55:08.392634
Crowd,multitud,2025-04-05 10:55:08.392634
Crown,corona,2025-04-06 10:55:08.392634
Daily,diàriament,2025-04-07 10:55:08.392634
Dance,dansa,2025-04-08 10:55:08.392634
Death,mort,2025-04-09 10:55:08.392634
Decay,decaïment,2025-04-10 10:55:08.392634
Delay,retard,2025-04-11 10:55:08.392634
Devil,diable,2025-04-12 10:55:08.392634
Dirty,brut,2025-04-13 10:55:08.392634
Dress,vestit,2025-04-14 10:55:08.392634
Drink,beure,2025-04-15 10:55:08.392634
Drive,conduir,2025-04-16 10:55:08.392634
Dwell,habitar,2025-04-17 10:55:08.392634
Eager,amb ganes,2025-04-18 10:55:08.392634
Eagle,àguila,2025-04-19 10:55:08.392634
Early,dhora,2025-04-20 10:55:08.392634
Earth,terra,2025-04-21 10:55:08.392634
Elder,gran,2025-04-22 10:55:08.392634
Empty,buit,2025-04-23 10:55:08.392634
Enemy,enemic,2025-04-24 10:55:08.392634
Enjoy,gaudir,2025-04-25 10:55:08.392634
Entry,entrada,2025-04-26 10:55:08.392634
Equal,igual,2025-04-27 10:55:08.392634
Essay,assaig,2025-04-28 10:55:08.392634
Event,esdeveniment,2025-04-29 10:55:08.392634
Every,cada,2025-04-30 10:55:08.392634
Exact,exacte,2025-05-01 10:55:08.392634
Exist,existir,2025-05-02 10:55:08.392634
Extra,extra,2025-05-03 10:55:08.392634
Faith,fe,2025-05-04 10:55:08.392634
Fault,culpa,2025-05-05 10:55:08.392634
Fever,febre,2025-05-06 10:55:08.392634
Field,camp,2025-05-07 10:55:08.392634
Final,final,2025-05-08 10:55:08.392634
Fleet,flota,2025-05-09 10:55:08.392634
Float,flotar,2025-05-10 10:55:08.392634
Flood,inundació,2025-05-11 10:55:08.392634
Floor,pis,2025-05-12 10:55:08.392634
Flour,farina,2025-05-13 10:55:08.392634
Fluid,fluid,2025-05-14 10:55:08.392634
Focus,focus,2025-05-15 10:55:08.392634
Force,força,2025-05-16 10:55:08.392634
Fraud,frau,2025-05-17 10:55:08.392634
Fresh,fresc,2025-05-18 10:55:08.392634
Front,davant,2025-05-19 10:55:08.392634
Fruit,fruita,2025-05-20 10:55:08.392634
Ghost,fantasma,2025-05-21 10:55:08.392634
Globe,globus,2025-05-22 10:55:08.392634
Going,anant,2025-05-23 10:55:08.392634
Grain,gra,2025-05-24 10:55:08.392634
Grant,subvenció,2025-05-25 10:55:08.392634
Grass,herba,2025-05-26 10:55:08.392634
Great,genial,2025-05-27 10:55:08.392634
Group,grup,2025-05-28 10:55:08.392634
Guard,guàrdia,2025-05-29 10:55:08.392634
Guest,convidat,2025-05-30 10:55:08.392634
Habit,hàbit,2025-05-31 10:55:08.392634
Heart,cor,2025-06-01 10:55:08.392634
Honey,mel,2025-06-02 10:55:08.392634
Horse,cavall,2025-06-03 10:55:08.392634
House,casa,2025-06-04 10:55:08.392634
Human,humana,2025-06-05 10:55:08.392634
Ideal,ideal,2025-06-06 10:55:08.392634
Issue,assumpte,2025-06-07 10:55:08.392634
Judge,jutge,2025-06-08 10:55:08.392634
Knife,ganivet,2025-06-09 10:55:08.392634
Labor,treball,2025-06-10 10:55:08.392634
Ladle,cullerada,2025-06-11 10:55:08.392634
Large,gran,2025-06-12 10:55:08.392634
Laugh,riure,2025-06-13 10:55:08.392634
Learn,aprendre,2025-06-14 10:55:08.392634
Leave,marxar,2025-06-15 10:55:08.392634
Legal,legal,2025-06-16 10:55:08.392634
Limit,límit,2025-06-17 10:55:08.392634
Lunch,dinar,2025-06-18 10:55:08.392634
Metal,metall,2025-06-19 10:55:08.392634
Mixed,barrejat,2025-06-20 10:55:08.392634
Money,diners,2025-06-21 10:55:08.392634
Month,mes,2025-06-22 10:55:08.392634
Mount,muntar,2025-06-23 10:55:08.392634
Mouth,boca,2025-06-24 10:55:08.392634
Music,música,2025-06-25 10:55:08.392634
Maize,blat de moro,2025-06-26 10:55:08.392634
Naked,nus,2025-06-27 10:55:08.392634
Never,mai,2025-06-28 10:55:08.392634
Night,nit,2025-06-29 10:55:08.392634
Niece,neboda,2025-06-30 10:55:08.392634
Noise,soroll,2025-07-01 10:55:08.392634
Occur,ocorren,2025-07-02 10:55:08.392634
Ocean,oceà,2025-07-03 10:55:08.392634
Onion,ceba,2025-07-04 10:55:08.392634
Offer,oferta,2025-07-05 10:55:08.392634
Order,ordre,2025-07-06 10:55:08.392634
Organ,òrgan,2025-07-07 10:55:08.392634
Other,altres,2025-07-08 10:55:08.392634
Owner,propietari,2025-07-09 10:55:08.392634
Paddy,arrossar,2025-07-10 10:55:08.392634
Panic,pànic,2025-07-11 10:55:08.392634
Peace,pau,2025-07-12 10:55:08.392634
Place,lloc,2025-07-13 10:55:08.392634
Plant,planta,2025-07-14 10:55:08.392634
Price,preu,2025-07-15 10:55:08.392634
Pride,orgull,2025-07-16 10:55:08.392634
Proud,orgullós,2025-07-17 10:55:08.392634
Prove,demostrar,2025-07-18 10:55:08.392634
Quilt,edredó,2025-07-19 10:55:08.392634
Quick,ràpid,2025-07-20 10:55:08.392634
Quite,bastant,2025-07-21 10:55:08.392634
Raise,pujar,2025-07-22 10:55:08.392634
Reach,arribar,2025-07-23 10:55:08.392634
React,reaccionar,2025-07-24 10:55:08.392634
Ready,llest,2025-07-25 10:55:08.392634
Reply,resposta,2025-07-26 10:55:08.392634
Right,dret,2025-07-27 10:55:08.392634
Round,rodó,2025-07-28 10:55:08.392634
Rural,rural,2025-07-29 10:55:08.392634
Saint,Sant,2025-07-30 10:55:08.392634
Scope,abast,2025-07-31 10:55:08.392634
Score,puntuació,2025-08-01 10:55:08.392634
Sense,sentit,2025-08-02 10:55:08.392634
Shake,sacsejar,2025-08-03 10:55:08.392634
Shape,forma,2025-08-04 10:55:08.392634
Share,Compartir,2025-08-05 10:55:08.392634
Sharp,agut,2025-08-06 10:55:08.392634
Shrub,arbust,2025-08-07 10:55:08.392634
Skill,habilitat,2025-08-08 10:55:08.392634
Sleep,dormir,2025-08-09 10:55:08.392634
Slope,pendent,2025-08-10 10:55:08.392634
Small,petit,2025-08-11 10:55:08.392634
Smell,olor,2025-08-12 10:55:08.392634
Smile,somriure,2025-08-13 10:55:08.392634
Snake,serp,2025-08-14 10:55:08.392634
Snore,roncar,2025-08-15 10:55:08.392634
Solid,sòlid,2025-08-16 10:55:08.392634
Sound,so,2025-08-17 10:55:08.392634
Space,espai,2025-08-18 10:55:08.392634
Speak,parlar,2025-08-19 10:55:08.392634
Speed,velocitat,2025-08-20 10:55:08.392634
Spend,Gastar,2025-08-21 10:55:08.392634
Spent,gastat,2025-08-22 10:55:08.392634
Sperm,espermatozoides,2025-08-23 10:55:08.392634
Sport,esport,2025-08-24 10:55:08.392634
Stand,parar,2025-08-25 10:55:08.392634
Steam,vapor,2025-08-26 10:55:08.392634
Stone,pedra,2025-08-27 10:55:08.392634
Story,història,2025-08-28 10:55:08.392634
Taste,gust,2025-08-29 10:55:08.392634
Teach,ensenyar,2025-08-30 10:55:08.392634
Teeth,dents,2025-08-31 10:55:08.392634
Thank,gràcies,2025-09-01 10:55:08.392634
There,allà,2025-09-02 10:55:08.392634
These,aquests,2025-09-03 10:55:08.392634
Thick,espés,2025-09-04 10:55:08.392634
Thing,cosa,2025-09-05 10:55:08.392634
Tiger,tigre,2025-09-06 10:55:08.392634
Today,avui,2025-09-07 10:55:08.392634
Total,total,2025-09-08 10:55:08.392634
Treat,tractar,2025-09-09 10:55:08.392634
Trend,tendència,2025-09-10 10:55:08.392634
Tried,provat,2025-09-11 10:55:08.392634
Trust,confiar,2025-09-12 10:55:08.392634
Truth,veritat,2025-09-13 10:55:08.392634
Twice,dues vegades,2025-09-14 10:55:08.392634
Under,sota,2025-09-15 10:55:08.392634
Upper,superior,2025-09-16 10:55:08.392634
Urban,urbà,2025-09-17 10:55:08.392634
Visit,visita,2025-09-18 10:55:08.392634
Voice,veu,2025-09-19 10:55:08.392634
Vomit,vòmit,2025-09-20 10:55:08.392634
Waste,malbaratament,2025-09-21 10:55:08.392634
Water,aigua,2025-09-22 10:55:08.392634
Wheat,blat,2025-09-23 10:55:08.392634
Where,on,2025-09-24 10:55:08.392634
White,blanc,2025-09-25 10:55:08.392634
Whole,sencer,2025-09-26 10:55:08.392634
Woman,dona,2025-09-27 10:55:08.392634
World,món,2025-09-28 10:55:08.392634
Worst,pitjor,2025-09-29 10:55:08.392634
Write,escriure,2025-09-30 10:55:08.392634
Wrong,mal,2025-10-01 10:55:08.392634
Yield,rendiment,2025-10-02 10:55:08.392634
Young,jove,2025-10-03 10:55:08.392634
Youth,joventut,2025-10-04 10:55:08.392634
Absent,absent,2025-10-05 10:55:08.392634
Accept,acceptar,2025-10-06 10:55:08.392634
Admire,admirar,2025-10-07 10:55:08.392634
Advice,consell,2025-10-08 10:55:08.392634
Almost,gairebé,2025-10-09 10:55:08.392634
Always,sempre,2025-10-10 10:55:08.392634
Animal,animal,2025-10-11 10:55:08.392634
Answer,resposta,2025-10-12 10:55:08.392634
Appeal,apel·lació,2025-10-13 10:55:08.392634
Appear,apareixer,2025-10-14 10:55:08.392634
Arrive,arribar,2025-10-15 10:55:08.392634
Artist,artista,2025-10-16 10:55:08.392634
Assist,assistir,2025-10-17 10:55:08.392634
Attack,atac,2025-10-18 10:55:08.392634
Attach,adjuntar,2025-10-19 10:55:08.392634
Attend,assistir,2025-10-20 10:55:08.392634
Bangle,braçalet,2025-10-21 10:55:08.392634
Before,abans,2025-10-22 10:55:08.392634
Behind,darrere,2025-10-23 10:55:08.392634
Bellow,sota,2025-10-24 10:55:08.392634
Better,millor,2025-10-25 10:55:08.392634
Borrow,demanar prestat,2025-10-26 10:55:08.392634
Bottom,inferior,2025-10-27 10:55:08.392634
Broken,trencat,2025-10-28 10:55:08.392634
Budget,pressupost,2025-10-29 10:55:08.392634
Cancel,cancel · lar,2025-10-30 10:55:08.392634
Cancer,càncer,2025-10-31 10:55:08.392634
Carrot,pastanaga,2025-11-01 10:55:08.392634
Cattle,ramat,2025-11-02 10:55:08.392634
Common,comú,2025-11-03 10:55:08.392634
Compel,obligar,2025-11-04 10:55:08.392634
Corner,cantonada,2025-11-05 10:55:08.392634
Couple,parella,2025-11-06 10:55:08.392634
Course,curs,2025-11-07 10:55:08.392634
Create,crear,2025-11-08 10:55:08.392634
Custom,costum,2025-11-09 10:55:08.392634
Damage,dany,2025-11-10 10:55:08.392634
Dancer,ballarina,2025-11-11 10:55:08.392634
Danger,perill,2025-11-12 10:55:08.392634
Decade,dècada,2025-11-13 10:55:08.392634
Defeat,derrota,2025-11-14 10:55:08.392634
Delete,esborrar,2025-11-15 10:55:08.392634
Demand,demanda,2025-11-16 10:55:08.392634
Desire,desig,2025-11-17 10:55:08.392634
Detail,detall,2025-11-18 10:55:08.392634
Dinner,sopar,2025-11-19 10:55:08.392634
Divine,divina,2025-11-20 10:55:08.392634
Donkey,ruc,2025-11-21 10:55:08.392634
Double,doble,2025-11-22 10:55:08.392634
Edible,comestible,2025-11-23 10:55:08.392634
Effect,efecte,2025-11-24 10:55:08.392634
Either,tampoc,2025-11-25 10:55:08.392634
Empire,imperi,2025-11-26 10:55:08.392634
Energy,energia,2025-11-27 10:55:08.392634
Enough,suficient,2025-11-28 10:55:08.392634
Ensure,assegurar,2025-11-29 10:55:08.392634
Entire,sencer,2025-11-30 10:55:08.392634
Except,excepte,2025-12-01 10:55:08.392634
Expand,expandir,2025-12-02 10:55:08.392634
Expect,esperar,2025-12-03 10:55:08.392634
Export,exportar,2025-12-04 10:55:08.392634
Extend,estendre,2025-12-05 10:55:08.392634
Facade,façana,2025-12-06 10:55:08.392634
Family,família,2025-12-07 10:55:08.392634
Famous,famós,2025-12-08 10:55:08.392634
Faulty,defectuós,2025-12-09 10:55:08.392634
Favour,favor,2025-12-10 10:55:08.392634
Female,femella,2025-12-11 10:55:08.392634
Fiance,promès,2025-12-12 10:55:08.392634
Finish,acabar,2025-12-13 10:55:08.392634
Flower,flor,2025-12-14 10:55:08.392634
Forest,bosc,2025-12-15 10:55:08.392634
Forgot,oblidat,2025-12-16 10:55:08.392634
Freeze,congelar,2025-12-17 10:55:08.392634
Friend,amic,2025-12-18 10:55:08.392634
Future,futur,2025-12-19 10:55:08.392634
Garage,garatge,2025-12-20 10:55:08.392634
Garden,jardí,2025-12-21 10:55:08.392634
Garlic,All,2025-12-22 10:55:08.392634
Ginger,gingebre,2025-12-23 10:55:08.392634
Global,global,2025-12-24 10:55:08.392634
Ground,terra,2025-12-25 10:55:08.392634
Growth,creixement,2025-12-26 10:55:08.392634
Health,salut,2025-12-27 10:55:08.392634
Hidden,amagat,2025-12-28 10:55:08.392634
Honest,honest,2025-12-29 10:55:08.392634
Honour,honor,2025-12-30 10:55:08.392634
Hostel,alberg,2025-12-31 10:55:08.392634
Humble,humils,2026-01-01 10:55:08.392634
Hungry,famolenc,2026-01-02 10:55:08.392634
Ignore,ignorar,2026-01-03 10:55:08.392634
Impact,impacte,2026-01-04 10:55:08.392634
Impure,impur,2026-01-05 10:55:08.392634
Income,ingressos,2026-01-06 10:55:08.392634
Inform,informar,2026-01-07 10:55:08.392634
Insect,insecte,2026-01-08 10:55:08.392634
Inside,dins,2026-01-09 10:55:08.392634
Jungle,Selva,2026-01-10 10:55:08.392634
Kidnap,segrestar,2026-01-11 10:55:08.392634
Kindle,encendre,2026-01-12 10:55:08.392634
Labour,treball,2026-01-13 10:55:08.392634
Leader,líder,2026-01-14 10:55:08.392634
Length,llargada,2026-01-15 10:55:08.392634
Letter,carta,2026-01-16 10:55:08.392634
Liquid,líquid,2026-01-17 10:55:08.392634
Little,poc,2026-01-18 10:55:08.392634
Living,vivent,2026-01-19 10:55:08.392634
Lizard,sargantana,2026-01-20 10:55:08.392634
Locate,localitzar,2026-01-21 10:55:08.392634
Luxury,luxe,2026-01-22 10:55:08.392634
Making,fent,2026-01-23 10:55:08.392634
Mammal,mamífer,2026-01-24 10:55:08.392634
Manage,gestionar,2026-01-25 10:55:08.392634
Manual,manual,2026-01-26 10:55:08.392634
Market,mercat,2026-01-27 10:55:08.392634
Mental,mental,2026-01-28 10:55:08.392634
Method,mètode,2026-01-29 10:55:08.392634
Middle,mig,2026-01-30 10:55:08.392634
Monkey,mico,2026-01-31 10:55:08.392634
Mother,mare,2026-02-01 10:55:08.392634
Muscle,múscul,2026-02-02 10:55:08.392634
Narrow,estret,2026-02-03 10:55:08.392634
Native,autòcton,2026-02-04 10:55:08.392634
Nature,naturalesa,2026-02-05 10:55:08.392634
Normal,normal,2026-02-06 10:55:08.392634
Number,nombre,2026-02-07 10:55:08.392634
Object,objecte,2026-02-08 10:55:08.392634
Office,oficina,2026-02-09 10:55:08.392634
Option,opció,2026-02-10 10:55:08.392634
Parent,pare,2026-02-11 10:55:08.392634
Parrot,lloro,2026-02-12 10:55:08.392634
People,gent,2026-02-13 10:55:08.392634
Person,persona,2026-02-14 10:55:08.392634
Pickle,escabetx,2026-02-15 10:55:08.392634
Picnic,pícnic,2026-02-16 10:55:08.392634
Pigeon,colom,2026-02-17 10:55:08.392634
Planet,planeta,2026-02-18 10:55:08.392634
Please,si us plau,2026-02-19 10:55:08.392634
Plenty,molt,2026-02-20 10:55:08.392634
Police,policia,2026-02-21 10:55:08.392634
Potato,patata,2026-02-22 10:55:08.392634
Praise,elogis,2026-02-23 10:55:08.392634
Prayer,pregària,2026-02-24 10:55:08.392634
Pretty,bonic,2026-02-25 10:55:08.392634
Prince,príncep,2026-02-26 10:55:08.392634
Profit,benefici,2026-02-27 10:55:08.392634
Proper,adequat,2026-02-28 10:55:08.392634
Public,públic,2026-03-01 10:55:08.392634
Rabbit,conill,2026-03-02 10:55:08.392634
Recent,recent,2026-03-03 10:55:08.392634
Recipe,recepta,2026-03-04 10:55:08.392634
Record,registre,2026-03-05 10:55:08.392634
Reduce,reduir,2026-03-06 10:55:08.392634
Regret,lamentar,2026-03-07 10:55:08.392634
Reject,rebutjar,2026-03-08 10:55:08.392634
Remind,recordar,2026-03-09 10:55:08.392634
Remove,eliminar,2026-03-10 10:55:08.392634
Repair,reparació,2026-03-11 10:55:08.392634
Repeat,repetir,2026-03-12 10:55:08.392634
Return,tornar,2026-03-13 10:55:08.392634
Rotate,girar,2026-03-14 10:55:08.392634
Safety,seguretat,2026-03-15 10:55:08.392634
Salary,sou,2026-03-16 10:55:08.392634
Sample,mostra,2026-03-17 10:55:08.392634
School,escola,2026-03-18 10:55:08.392634
Screen,pantalla,2026-03-19 10:55:08.392634
Script,guió,2026-03-20 10:55:08.392634
Scroll,desplaçar-se,2026-03-21 10:55:08.392634
Search,cerca,2026-03-22 10:55:08.392634
Season,temporada,2026-03-23 10:55:08.392634
Secret,secret,2026-03-24 10:55:08.392634
Secure,segur,2026-03-25 10:55:08.392634
Select,seleccionar,2026-03-26 10:55:08.392634
Senior,major,2026-03-27 10:55:08.392634
Shield,escut,2026-03-28 10:55:08.392634
Should,hauria,2026-03-29 10:55:08.392634
Shower,dutxa,2026-03-30 10:55:08.392634
Silent,silenciós,2026-03-31 10:55:08.392634
Single,solter,2026-04-01 10:55:08.392634
Sister,germana,2026-04-02 10:55:08.392634
Smooth,llis,2026-04-03 10:55:08.392634
Social,socials,2026-04-04 10:55:08.392634
Speech,discurs,2026-04-05 10:55:08.392634
Street,carrer,2026-04-06 10:55:08.392634
Strong,fort,2026-04-07 10:55:08.392634
Sudden,de sobte,2026-04-08 10:55:08.392634
Summer,estiu,2026-04-09 10:55:08.392634
Supply,subministrament,2026-04-10 10:55:08.392634
Talent,talent,2026-04-11 10:55:08.392634
Temple,temple,2026-04-12 10:55:08.392634
Thread,fil,2026-04-13 10:55:08.392634
Thrill,emoció,2026-04-14 10:55:08.392634
Throat,gola,2026-04-15 10:55:08.392634
Tittle,títol,2026-04-16 10:55:08.392634
Toilet,lavabo,2026-04-17 10:55:08.392634
Tomato,tomàquet,2026-04-18 10:55:08.392634
Tongue,llengua,2026-04-19 10:55:08.392634
Travel,viatjar,2026-04-20 10:55:08.392634
Tunnel,túnel,2026-04-21 10:55:08.392634
Turtle,tortuga,2026-04-22 10:55:08.392634
Unseen,invisible,2026-04-23 10:55:08.392634
Update,actualitzar,2026-04-24 10:55:08.392634
Urgent,urgent,2026-04-25 10:55:08.392634
Useful,útil,2026-04-26 10:55:08.392634
Vacate,desallotjar,2026-04-27 10:55:08.392634
Vacuum,buit,2026-04-28 10:55:08.392634
Vapour,vapor,2026-04-29 10:55:08.392634
Verify,verificar,2026-04-30 10:55:08.392634
Virgin,verge,2026-05-01 10:55:08.392634
Wealth,riquesa,2026-05-02 10:55:08.392634
Weekly,setmanalment,2026-05-03 10:55:08.392634
Weight,pes,2026-05-04 10:55:08.392634
Winter,hivern,2026-05-05 10:55:08.392634
Winner,guanyador,2026-05-06 10:55:08.392634
Wonder,meravella,2026-05-07 10:55:08.392634
Worker,treballador,2026-05-08 10:55:08.392634
Writer,escriptor,2026-05-09 10:55:08.392634
Yearly,anualment,2026-05-10 10:55:08.392634
Achieve,aconseguir,2026-05-11 10:55:08.392634
Advance,avançar,2026-05-12 10:55:08.392634
Against,en contra,2026-05-13 10:55:08.392634
Already,ja,2026-05-14 10:55:08.392634
Ancient,antiga,2026-05-15 10:55:08.392634
Anybody,qualsevol,2026-05-16 10:55:08.392634
Approve,aprovar,2026-05-17 10:55:08.392634
Apology,disculpes,2026-05-18 10:55:08.392634
Archive,Arxiu,2026-05-19 10:55:08.392634
Arrange,arranjar,2026-05-20 10:55:08.392634
Arrival,arribada,2026-05-21 10:55:08.392634
Article,article,2026-05-22 10:55:08.392634
Attempt,intent,2026-05-23 10:55:08.392634
Attract,atreure,2026-05-24 10:55:08.392634
Average,mitjana,2026-05-25 10:55:08.392634
Bandage,embenatge,2026-05-26 10:55:08.392634
Barrage,barranca,2026-05-27 10:55:08.392634
Barrier,barrera,2026-05-28 10:55:08.392634
Because,perquè,2026-05-29 10:55:08.392634
Benefit,benefici,2026-05-30 10:55:08.392634
Between,entre,2026-05-31 10:55:08.392634
Cabbage,col,2026-06-01 10:55:08.392634
Capture,captura,2026-06-02 10:55:08.392634
Careful,amb compte,2026-06-03 10:55:08.392634
Carrier,portador,2026-06-04 10:55:08.392634
Century,segle,2026-06-05 10:55:08.392634
Certain,cert,2026-06-06 10:55:08.392634
Chamber,cambra,2026-06-07 10:55:08.392634
Chapter,capítol,2026-06-08 10:55:08.392634
Charity,caritat,2026-06-09 10:55:08.392634
Climate,clima,2026-06-10 10:55:08.392634
Coconut,coco,2026-06-11 10:55:08.392634
Collect,recollir,2026-06-12 10:55:08.392634
College,la universitat,2026-06-13 10:55:08.392634
Comfort,comoditat,2026-06-14 10:55:08.392634
Command,comandament,2026-06-15 10:55:08.392634
Comment,comentar,2026-06-16 10:55:08.392634
Company,empresa,2026-06-17 10:55:08.392634
Compare,comparar,2026-06-18 10:55:08.392634
Concept,concepte,2026-06-19 10:55:08.392634
Concern,preocupació,2026-06-20 10:55:08.392634
Conduct,conducta,2026-06-21 10:55:08.392634
Confirm,confirmar,2026-06-22 10:55:08.392634
Connect,connectar,2026-06-23 10:55:08.392634
Contact,contacte,2026-06-24 10:55:08.392634
Control,control,2026-06-25 10:55:08.392634
Convert,convertir,2026-06-26 10:55:08.392634
Correct,correcte,2026-06-27 10:55:08.392634
Costume,disfressa,2026-06-28 10:55:08.392634
Cottage,cabana,2026-06-29 10:55:08.392634
Country,país,2026-06-30 10:55:08.392634
Courage,coratge,2026-07-01 10:55:08.392634
Cucumber,cogombre,2026-07-02 10:55:08.392634
Curious,curiós,2026-07-03 10:55:08.392634
Declare,declarar,2026-07-04 10:55:08.392634
Defense,defensa,2026-07-05 10:55:08.392634
Dentist,dentista,2026-07-06 10:55:08.392634
Deposit,dipòsit,2026-07-07 10:55:08.392634
,,2026-07-08 10:55:08.392634
,,2026-07-09 10:55:08.392634
Despite,malgrat,2026-07-10 10:55:08.392634
Destiny,el destí,2026-07-11 10:55:08.392634
Destroy,destruir,2026-07-12 10:55:08.392634
Develop,desenvolupar,2026-07-13 10:55:08.392634
Disease,malaltia,2026-07-14 10:55:08.392634
Display,visualització,2026-07-15 10:55:08.392634
Disturb,molestar,2026-07-16 10:55:08.392634
Dynasty,dinastia,2026-07-17 10:55:08.392634
Eagerly,ansiosament,2026-07-18 10:55:08.392634
Earning,guanyant,2026-07-19 10:55:08.392634
Eatable,comestible,2026-07-20 10:55:08.392634
Ecology,ecologia,2026-07-21 10:55:08.392634
Economy,economia,2026-07-22 10:55:08.392634
Edition,edició,2026-07-23 10:55:08.392634
Elegant,elegant,2026-07-24 10:55:08.392634
Enhance,millorar,2026-07-25 10:55:08.392634
Episode,episodi,2026-07-26 10:55:08.392634
Example,exemple,2026-07-27 10:55:08.392634
Evening,vespre,2026-07-28 10:55:08.392634
Exclude,excloure,2026-07-29 10:55:08.392634
Explain,explicar,2026-07-30 10:55:08.392634
Explore,explorar,2026-07-31 10:55:08.392634
Educate,educar,2026-08-01 10:55:08.392634
Factory,fàbrica,2026-08-02 10:55:08.392634
Failure,fracàs,2026-08-03 10:55:08.392634
Feature,característica,2026-08-04 10:55:08.392634
Finance,Finances,2026-08-05 10:55:08.392634
Flavour,sabor,2026-08-06 10:55:08.392634
Fluency,fluïdesa,2026-08-07 10:55:08.392634
Forever,per sempre,2026-08-08 10:55:08.392634
Further,més lluny,2026-08-09 10:55:08.392634
Garment,peça,2026-08-10 10:55:08.392634
General,general,2026-08-11 10:55:08.392634
Genuine,genuí,2026-08-12 10:55:08.392634
Glamour,glamour,2026-08-13 10:55:08.392634
Grammar,gramàtica,2026-08-14 10:55:08.392634
Grocery,botiga de queviures,2026-08-15 10:55:08.392634
Habitat,habitat,2026-08-16 10:55:08.392634
Harmful,nocius,2026-08-17 10:55:08.392634
Harvest,collita,2026-08-18 10:55:08.392634
Heading,encapçalament,2026-08-19 10:55:08.392634
Hearing,audició,2026-08-20 10:55:08.392634
Helpful,útil,2026-08-21 10:55:08.392634
History,història,2026-08-22 10:55:08.392634
Holding,aguantant,2026-08-23 10:55:08.392634
Holiday,festa,2026-08-24 10:55:08.392634
Hundred,cent,2026-08-25 10:55:08.392634
Husband,marit,2026-08-26 10:55:08.392634
Hygiene,higiene,2026-08-27 10:55:08.392634
Impress,impressionar,2026-08-28 10:55:08.392634
Improve,millorar,2026-08-29 10:55:08.392634
Include,incloure,2026-08-30 10:55:08.392634
Initial,inicial,2026-08-31 10:55:08.392634
Inspect,inspeccionar,2026-09-01 10:55:08.392634
Inspire,inspirar,2026-09-02 10:55:08.392634
Journey,viatge,2026-09-03 10:55:08.392634
Justice,justícia,2026-09-04 10:55:08.392634
Leading,liderant,2026-09-05 10:55:08.392634
Leather,cuir,2026-09-06 10:55:08.392634
Leaving,marxant,2026-09-07 10:55:08.392634
Lecture,Conferència,2026-09-08 10:55:08.392634
,,2026-09-09 10:55:08.392634
,,2026-09-10 10:55:08.392634
Liberal,liberal,2026-09-11 10:55:08.392634
Lovable,estimable,2026-09-12 10:55:08.392634
Luggage,equipatge,2026-09-13 10:55:08.392634
Manager,gerent,2026-09-14 10:55:08.392634
Maximum,màxim,2026-09-15 10:55:08.392634
Meaning,significat,2026-09-16 10:55:08.392634
Measure,mesura,2026-09-17 10:55:08.392634
Medical,mèdic,2026-09-18 10:55:08.392634
Message,missatge,2026-09-19 10:55:08.392634
Migrant,migrant,2026-09-20 10:55:08.392634
Mineral,mineral,2026-09-21 10:55:08.392634
Minimum,mínim,2026-09-22 10:55:08.392634
Miracle,miracle,2026-09-23 10:55:08.392634
Missile,míssil,2026-09-24 10:55:08.392634
Missing,desaparegut,2026-09-25 10:55:08.392634
Mistake,errada,2026-09-26 10:55:08.392634
Morning,matí,2026-09-27 10:55:08.392634
Mustard,mostassa,2026-09-28 10:55:08.392634
Mystery,misteri,2026-09-29 10:55:08.392634
Narrate,narrar,2026-09-30 10:55:08.392634
Natural,natural,2026-10-01 10:55:08.392634
Naughty,entremaliat,2026-10-02 10:55:08.392634
Neglect,negligència,2026-10-03 10:55:08.392634
Neither,tampoc,2026-10-04 10:55:08.392634
Nervous,nerviós,2026-10-05 10:55:08.392634
Network,xarxa,2026-10-06 10:55:08.392634
Nothing,res,2026-10-07 10:55:08.392634
Observe,observar,2026-10-08 10:55:08.392634
Opening,obertura,2026-10-09 10:55:08.392634
Operate,funcionar,2026-10-10 10:55:08.392634
Opinion,opinió,2026-10-11 10:55:08.392634
Organic,orgànica,2026-10-12 10:55:08.392634
Ostrich,estruç,2026-10-13 10:55:08.392634
Package,paquet,2026-10-14 10:55:08.392634
Painful,dolorós,2026-10-15 10:55:08.392634
Partial,parcial,2026-10-16 10:55:08.392634
Passage,passatge,2026-10-17 10:55:08.392634
Patient,pacient,2026-10-18 10:55:08.392634
Payment,pagament,2026-10-19 10:55:08.392634
Penalty,penalització,2026-10-20 10:55:08.392634
Pending,pendents,2026-10-21 10:55:08.392634
Penguin,pingüí,2026-10-22 10:55:08.392634
Pension,pensió,2026-10-23 10:55:08.392634
Perfect,perfecte,2026-10-24 10:55:08.392634
Perfume,perfum,2026-10-25 10:55:08.392634
Popular,popular,2026-10-26 10:55:08.392634
Pottery,ceràmica,2026-10-27 10:55:08.392634
Poverty,pobresa,2026-10-28 10:55:08.392634
Prevent,prevenir,2026-10-29 10:55:08.392634
Privacy,privadesa,2026-10-30 10:55:08.392634
Private,privat,2026-10-31 10:55:08.392634
Problem,problema,2026-11-01 10:55:08.392634
Produce,produir,2026-11-02 10:55:08.392634
Propose,proposar,2026-11-03 10:55:08.392634
Purpose,propòsit,2026-11-04 10:55:08.392634
Quality,qualitat,2026-11-05 10:55:08.392634
Quickly,ràpidament,2026-11-06 10:55:08.392634
Receive,rebre,2026-11-07 10:55:08.392634
,,2026-11-08 10:55:08.392634
,,2026-11-09 10:55:08.392634
Regular,regular,2026-11-10 10:55:08.392634
Related,relacionats,2026-11-11 10:55:08.392634
Release,alliberar,2026-11-12 10:55:08.392634
Replace,substituir,2026-11-13 10:55:08.392634
Reptile,rèptil,2026-11-14 10:55:08.392634
Request,petició,2026-11-15 10:55:08.392634
Respect,respecte,2026-11-16 10:55:08.392634
Respond,respondre,2026-11-17 10:55:08.392634
Revenge,venjança,2026-11-18 10:55:08.392634
Revenue,ingressos,2026-11-19 10:55:08.392634
Reverse,revés,2026-11-20 10:55:08.392634
Robbery,robatori,2026-11-21 10:55:08.392634
Romance,romanç,2026-11-22 10:55:08.392634
Science,ciència,2026-11-23 10:55:08.392634
Serious,seriós,2026-11-24 10:55:08.392634
Servant,servent,2026-11-25 10:55:08.392634
Service,servei,2026-11-26 10:55:08.392634
Similar,semblants,2026-11-27 10:55:08.392634
Society,societat,2026-11-28 10:55:08.392634
Sparrow,pardal,2026-11-29 10:55:08.392634
Special,especial,2026-11-30 10:55:08.392634
Stomach,estómac,2026-12-01 10:55:08.392634
Student,estudiant,2026-12-02 10:55:08.392634
Success,èxit,2026-12-03 10:55:08.392634
Suggest,suggerir,2026-12-04 10:55:08.392634
Suicide,suïcidi,2026-12-05 10:55:08.392634
Support,suport,2026-12-06 10:55:08.392634
Suspend,suspendre,2026-12-07 10:55:08.392634
Teacher,professor,2026-12-08 10:55:08.392634
Teenage,adolescent,2026-12-09 10:55:08.392634
Tension,tensió,2026-12-10 10:55:08.392634
Tourism,turisme,2026-12-11 10:55:08.392634
Trouble,problemes,2026-12-12 10:55:08.392634
Uniform,uniforme,2026-12-13 10:55:08.392634
Utility,utilitat,2026-12-14 10:55:08.392634
Vacancy,vacant,2026-12-15 10:55:08.392634
Variety,varietat,2026-12-16 10:55:08.392634
Vehicle,vehicle,2026-12-17 10:55:08.392634
Village,poble,2026-12-18 10:55:08.392634
Vintage,vintage,2026-12-19 10:55:08.392634
Victory,victòria,2026-12-20 10:55:08.392634
Violent,violents,2026-12-21 10:55:08.392634
Visible,visible,2026-12-22 10:55:08.392634
Visitor,visitant,2026-12-23 10:55:08.392634
Vitamin,vitamina,2026-12-24 10:55:08.392634
Walking,caminant,2026-12-25 10:55:08.392634
Wanting,voler,2026-12-26 10:55:08.392634
Warning,advertència,2026-12-27 10:55:08.392634
Wealthy,rics,2026-12-28 10:55:08.392634
Weather,el temps,2026-12-29 10:55:08.392634
Wedding,casament,2026-12-30 10:55:08.392634
Welcome,Benvingut,2026-12-31 10:55:08.392634
Welfare,benestar,2027-01-01 10:55:08.392634
Winning,guanyant,2027-01-02 10:55:08.392634
Working,treball,2027-01-03 10:55:08.392634
Worried,preocupat,2027-01-04 10:55:08.392634
Worship,adoració,2027-01-05 10:55:08.392634
Writing,escriptura,2027-01-06 10:55:08.392634
Abnormal,anormal,2027-01-07 10:55:08.392634
Absolute,absolut,2027-01-08 10:55:08.392634
Accepted,acceptat,2027-01-09 10:55:08.392634
Accident,accident,2027-01-10 10:55:08.392634
Accuracy,precisió,2027-01-11 10:55:08.392634
Activate,activar,2027-01-12 10:55:08.392634
Addition,addició,2027-01-13 10:55:08.392634
Adequate,adequat,2027-01-14 10:55:08.392634
Affected,afectats,2027-01-15 10:55:08.392634
Alphabet,alfabet,2027-01-16 10:55:08.392634
Anything,qualsevol cosa,2027-01-17 10:55:08.392634
Anywhere,on sigui,2027-01-18 10:55:08.392634
Appraise,valorar,2027-01-19 10:55:08.392634
Approach,enfocament,2027-01-20 10:55:08.392634
Approval,aprovació,2027-01-21 10:55:08.392634
Argument,argument,2027-01-22 10:55:08.392634
Assemble,muntar,2027-01-23 10:55:08.392634
Attitude,actitud,2027-01-24 10:55:08.392634
Audience,públic,2027-01-25 10:55:08.392634
Attorney,advocat,2027-01-26 10:55:08.392634
Aviation,aviació,2027-01-27 10:55:08.392634
Backward,cap enrere,2027-01-28 10:55:08.392634
Beginner,principiant,2027-01-29 10:55:08.392634
Birthday,aniversari,2027-01-30 10:55:08.392634
Bleeding,sagnant,2027-01-31 10:55:08.392634
Building,edifici,2027-02-01 10:55:08.392634
Campaign,campanya,2027-02-02 10:55:08.392634
Carriage,carruatge,2027-02-03 10:55:08.392634
Children,nens,2027-02-04 10:55:08.392634
Cleavage,escot,2027-02-05 10:55:08.392634
Complete,completa,2027-02-06 10:55:08.392634
Conserve,conservar,2027-02-07 10:55:08.392634
Consider,considerar,2027-02-08 10:55:08.392634
Consumer,consumidor,2027-02-09 10:55:08.392634
Continue,continuar,2027-02-10 10:55:08.392634
Criminal,criminal,2027-02-11 10:55:08.392634
Critical,crític,2027-02-12 10:55:08.392634
Daughter,filla,2027-02-13 10:55:08.392634
Decision,decisió,2027-02-14 10:55:08.392634
Decrease,disminuir,2027-02-15 10:55:08.392634
Delicate,delicat,2027-02-16 10:55:08.392634
Delivery,lliurament,2027-02-17 10:55:08.392634
Delusion,il·lusió,2027-02-18 10:55:08.392634
Describe,descriure,2027-02-19 10:55:08.392634
Disagree,discrepar,2027-02-20 10:55:08.392634
Disallow,desautoritzar,2027-02-21 10:55:08.392634
Duration,durada,2027-02-22 10:55:08.392634
,,2027-02-23 10:55:08.392634
,,2027-02-24 10:55:08.392634
Economic,econòmica,2027-02-25 10:55:08.392634
Elephant,elefant,2027-02-26 10:55:08.392634
Eligible,elegible,2027-02-27 10:55:08.392634
Employee,empleat,2027-02-28 10:55:08.392634
Enormous,enorme,2027-03-01 10:55:08.392634
Entrance,entrada,2027-03-02 10:55:08.392634
Envelope,sobre,2027-03-03 10:55:08.392634
Estimate,estimació,2027-03-04 10:55:08.392634
Everyday,cada dia,2027-03-05 10:55:08.392634
Exercise,exercici,2027-03-06 10:55:08.392634
Explicit,explícit,2027-03-07 10:55:08.392634
Exposure,exposició,2027-03-08 10:55:08.392634
External,extern,2027-03-09 10:55:08.392634
Facility,instal·lació,2027-03-10 10:55:08.392634
Faithful,fidel,2027-03-11 10:55:08.392634
Favorite,favorit,2027-03-12 10:55:08.392634
Festival,Festival,2027-03-13 10:55:08.392634
Flexible,flexible,2027-03-14 10:55:08.392634
Friction,fricció,2027-03-15 10:55:08.392634
Generate,generar,2027-03-16 10:55:08.392634
Greeting,salutació,2027-03-17 10:55:08.392634
Guardian,guardià,2027-03-18 10:55:08.392634
Heritage,patrimoni,2027-03-19 10:55:08.392634
Horrible,horrible,2027-03-20 10:55:08.392634
Hospital,hospital,2027-03-21 10:55:08.392634
Humorous,humorístic,2027-03-22 10:55:08.392634
Identity,identitat,2027-03-23 10:55:08.392634
Incident,incident,2027-03-24 10:55:08.392634
Increase,augmentar,2027-03-25 10:55:08.392634
Indicate,indicar,2027-03-26 10:55:08.392634
Industry,indústria,2027-03-27 10:55:08.392634
Jealousy,gelosia,2027-03-28 10:55:08.392634
Learning,aprenentatge,2027-03-29 10:55:08.392634
Location,ubicació,2027-03-30 10:55:08.392634
Majority,majoria,2027-03-31 10:55:08.392634
Marriage,matrimoni,2027-04-01 10:55:08.392634
Material,material,2027-04-02 10:55:08.392634
Medicine,medicament,2027-04-03 10:55:08.392634
Moderate,moderada,2027-04-04 10:55:08.392634
Mosquito,mosquit,2027-04-05 10:55:08.392634
Mountain,muntanya,2027-04-06 10:55:08.392634
Narrator,narrador,2027-04-07 10:55:08.392634
Nutrient,nutrient,2027-04-08 10:55:08.392634
Opposite,contrari,2027-04-09 10:55:08.392634
Original,original,2027-04-10 10:55:08.392634
Ornament,ornament,2027-04-11 10:55:08.392634
Painting,pintura,2027-04-12 10:55:08.392634
Particle,partícula,2027-04-13 10:55:08.392634
Patience,paciència,2027-04-14 10:55:08.392634
Pleasure,plaer,2027-04-15 10:55:08.392634
Position,posició,2027-04-16 10:55:08.392634
Positive,positiu,2027-04-17 10:55:08.392634
,,2027-04-18 10:55:08.392634
,,2027-04-19 10:55:08.392634
Possible,possible,2027-04-20 10:55:08.392634
Postpone,posposar,2027-04-21 10:55:08.392634
Powerful,potent,2027-04-22 10:55:08.392634
Precious,preciós,2027-04-23 10:55:08.392634
Pregnant,embarassada,2027-04-24 10:55:08.392634
Pressure,pressió,2027-04-25 10:55:08.392634
Previous,anterior,2027-04-26 10:55:08.392634
Progress,"progrés, progressar",2027-04-27 10:55:08.392634
Prohibit,prohibit,2027-04-28 10:55:08.392634
Property,propietat,2027-04-29 10:55:08.392634
Purchase,compra,2027-04-30 10:55:08.392634
Quantity,quantitat,2027-05-01 10:55:08.392634
Recovery,recuperació,2027-05-02 10:55:08.392634
Regional,regional,2027-05-03 10:55:08.392634
Relevant,rellevants,2027-05-04 10:55:08.392634
Religion,religió,2027-05-05 10:55:08.392634
Remember,recorda,2027-05-06 10:55:08.392634
Research,recerca,2027-05-07 10:55:08.392634
Resource,recurs,2027-05-08 10:55:08.392634
Response,resposta,2027-05-09 10:55:08.392634
Restrict,restringir,2027-05-10 10:55:08.392634
Revision,revisió,2027-05-11 10:55:08.392634
Sensible,sensible,2027-05-12 10:55:08.392634
Sentence,frase,2027-05-13 10:55:08.392634
Separate,separat,2027-05-14 10:55:08.392634
Stranger,desconegut,2027-05-15 10:55:08.392634
Strategy,estratègia,2027-05-16 10:55:08.392634
Strength,força,2027-05-17 10:55:08.392634
Struggle,lluitar,2027-05-18 10:55:08.392634
Suitable,adequat,2027-05-19 10:55:08.392634
Superior,superior,2027-05-20 10:55:08.392634
Surprise,sorpresa,2027-05-21 10:55:08.392634
Swelling,inflor,2027-05-22 10:55:08.392634
Terrible,terrible,2027-05-23 10:55:08.392634
Together,junts,2027-05-24 10:55:08.392634
Tomorrow,demà,2027-05-25 10:55:08.392634
Training,formació,2027-05-26 10:55:08.392634
Transfer,transferència,2027-05-27 10:55:08.392634
Transmit,transmetre,2027-05-28 10:55:08.392634
Treasure,tresor,2027-05-29 10:55:08.392634
Umbrella,paraigua,2027-05-30 10:55:08.392634
Universe,univers,2027-05-31 10:55:08.392634
Vacation,vacances,2027-06-01 10:55:08.392634
Validate,validar,2027-06-02 10:55:08.392634
Vertical,vertical,2027-06-03 10:55:08.392634
Vigorous,vigorosa,2027-06-04 10:55:08.392634
Violence,violència,2027-06-05 10:55:08.392634
Vocation,vocació,2027-06-06 10:55:08.392634
Vomiting,vòmits,2027-06-07 10:55:08.392634
Wildlife,fauna salvatge,2027-06-08 10:55:08.392634
Yielding,cedint,2027-06-09 10:55:08.392634
Yourself,tu mateix,2027-06-10 10:55:08.392634
Youthful,juvenil,2027-06-11 10:55:08.392634
Accession,adhesió,2027-06-12 10:55:08.392634
Accessory,accessori,2027-06-13 10:55:08.392634
Accompany,acompanyar,2027-06-14 10:55:08.392634
Actualize,actualitzar,2027-06-15 10:55:08.392634
Admirable,admirable,2027-06-16 10:55:08.392634
Advantage,avantatge,2027-06-17 10:55:08.392634
Advisable,recomanable,2027-06-18 10:55:08.392634
Affection,afecte,2027-06-19 10:55:08.392634
Affiliate,afiliat,2027-06-20 10:55:08.392634
Afternoon,tarda,2027-06-21 10:55:08.392634
Aggregate,agregat,2027-06-22 10:55:08.392634
Agreement,acord,2027-06-23 10:55:08.392634
Allowance,subsidi,2027-06-24 10:55:08.392634
Alternate,alternar,2027-06-25 10:55:08.392634
Ambiguous,ambigu,2027-06-26 10:55:08.392634
Animation,animació,2027-06-27 10:55:08.392634
Apologist,apologeta,2027-06-28 10:55:08.392634
Applicant,sol · licitant,2027-06-29 10:55:08.392634
Architect,arquitecte,2027-06-30 10:55:08.392634
Associate,associat,2027-07-01 10:55:08.392634
Astronomy,astronomia,2027-07-02 10:55:08.392634
Attention,atenció,2027-07-03 10:55:08.392634
Attribute,atribut,2027-07-04 10:55:08.392634
Authority,autoritat,2027-07-05 10:55:08.392634
Automatic,automàtic,2027-07-06 10:55:08.392634
Available,disponible,2027-07-07 10:55:08.392634
Awareness,consciència,2027-07-08 10:55:08.392634
Beautiful,bonic,2027-07-09 10:55:08.392634
Behaviour,comportament,2027-07-10 10:55:08.392634
Butterfly,papallona,2027-07-11 10:55:08.392634
Calibrate,calibrar,2027-07-12 10:55:08.392634
Candidate,candidat,2027-07-13 10:55:08.392634
Celebrate,celebrar,2027-07-14 10:55:08.392634
Challenge,desafiament,2027-07-15 10:55:08.392634
Confident,confiat,2027-07-16 10:55:08.392634
Confusion,confusió,2027-07-17 10:55:08.392634
Conscious,conscient,2027-07-18 10:55:08.392634
Crocodile,cocodril,2027-07-19 10:55:08.392634
Curiosity,curiositat,2027-07-20 10:55:08.392634
Dangerous,perillós,2027-07-21 10:55:08.392634
Delicious,deliciós,2027-07-22 10:55:08.392634
Democracy,democràcia,2027-07-23 10:55:08.392634
Dependent,dependent,2027-07-24 10:55:08.392634
Different,diferents,2027-07-25 10:55:08.392634
Difficult,difícil,2027-07-26 10:55:08.392634
Discovery,descobriment,2027-07-27 10:55:08.392634
Dishonest,deshonest,2027-07-28 10:55:08.392634
Diversity,diversitat,2027-07-29 10:55:08.392634
Duplicate,duplicar,2027-07-30 10:55:08.392634
Education,educació,2027-07-31 10:55:08.392634
Effective,efectiu,2027-08-01 10:55:08.392634
Emergency,emergència,2027-08-02 10:55:08.392634
Equipment,equipament,2027-08-03 10:55:08.392634
Essential,essencial,2027-08-04 10:55:08.392634
Establish,establir,2027-08-05 10:55:08.392634
Evolution,evolució,2027-08-06 10:55:08.392634
Excellent,excel · lent,2027-08-07 10:55:08.392634
Expensive,car,2027-08-08 10:55:08.392634
,,2027-08-09 10:55:08.392634
,,2027-08-10 10:55:08.392634
Fantastic,fantàstic,2027-08-11 10:55:08.392634
Fertility,fertilitat,2027-08-12 10:55:08.392634
Financial,financera,2027-08-13 10:55:08.392634
Generally,en general,2027-08-14 10:55:08.392634
Glamorous,glamurosa,2027-08-15 10:55:08.392634
Happening,passant,2027-08-16 10:55:08.392634
Household,llar,2027-08-17 10:55:08.392634
Identical,idèntics,2027-08-18 10:55:08.392634
Important,important,2027-08-19 10:55:08.392634
Incorrect,incorrecte,2027-08-20 10:55:08.392634
Incorrupt,incorrupta,2027-08-21 10:55:08.392634
Influence,influència,2027-08-22 10:55:08.392634
Insurance,assegurança,2027-08-23 10:55:08.392634
Interview,entrevista,2027-08-24 10:55:08.392634
Intestine,intestí,2027-08-25 10:55:08.392634
Introduce,introduir,2027-08-26 10:55:08.392634
Invention,invenció,2027-08-27 10:55:08.392634
Invisible,invisible,2027-08-28 10:55:08.392634
Irregular,irregular,2027-08-29 10:55:08.392634
Jewellery,joies,2027-08-30 10:55:08.392634
Knowledge,coneixement,2027-08-31 10:55:08.392634
Liability,responsabilitat,2027-09-01 10:55:08.392634
Misbehave,comportar-se malament,2027-09-02 10:55:08.392634
Narration,narració,2027-09-03 10:55:08.392634
Necessity,necessitat,2027-09-04 10:55:08.392634
Negotiate,negociar,2027-09-05 10:55:08.392634
Nutrition,nutrició,2027-09-06 10:55:08.392634
Offensive,ofensiu,2027-09-07 10:55:08.392634
Partition,partició,2027-09-08 10:55:08.392634
Political,polític,2027-09-09 10:55:08.392634
Pollution,Pol · lució,2027-09-10 10:55:08.392634
Potential,potencial,2027-09-11 10:55:08.392634
Practical,pràctic,2027-09-12 10:55:08.392634
Precision,precisió,2027-09-13 10:55:08.392634
Privilege,privilegi,2027-09-14 10:55:08.392634
Procedure,procediment,2027-09-15 10:55:08.392634
Prominent,destacat,2027-09-16 10:55:08.392634
Professor,professor,2027-09-17 10:55:08.392634
Promotion,promoció,2027-09-18 10:55:08.392634
Provoking,provocant,2027-09-19 10:55:08.392634
Qualified,qualificat,2027-09-20 10:55:08.392634
Reference,referència,2027-09-21 10:55:08.392634
Repulsion,repulsió,2027-09-22 10:55:08.392634
Residence,residència,2027-09-23 10:55:08.392634
Sacrifice,sacrifici,2027-09-24 10:55:08.392634
Sensitive,sensible,2027-09-25 10:55:08.392634
Something,alguna cosa,2027-09-26 10:55:08.392634
Statement,declaració,2027-09-27 10:55:08.392634
Subscribe,subscriu-te,2027-09-28 10:55:08.392634
Substance,substància,2027-09-29 10:55:08.392634
Sugarcane,canya de sucre,2027-09-30 10:55:08.392634
Sunflower,gira-sol,2027-10-01 10:55:08.392634
Surrender,rendir-se,2027-10-02 10:55:08.392634
Technical,tècnica,2027-10-03 10:55:08.392634
Temporary,temporal,2027-10-04 10:55:08.392634
Terrorist,terrorista,2027-10-05 10:55:08.392634
Treatment,tractament,2027-10-06 10:55:08.392634
Variation,variació,2027-10-07 10:55:08.392634
Vegetable,vegetal,2027-10-08 10:55:08.392634
Virginity,virginitat,2027-10-09 10:55:08.392634
Yesterday,ahir,2027-10-10 10:55:08.392634
Abbreviate,abreujar,2027-10-11 10:55:08.392634
Absolutely,absolutament,2027-10-12 10:55:08.392634
Absorption,absorció,2027-10-13 10:55:08.392634
Acceptable,acceptable,2027-10-14 10:55:08.392634
Achievable,assolible,2027-10-15 10:55:08.392634
Additional,addicionals,2027-10-16 10:55:08.392634
Admiration,admiració,2027-10-17 10:55:08.392634
Adolescent,adolescent,2027-10-18 10:55:08.392634
Adulterant,adulterant,2027-10-19 10:55:08.392634
Adventurer,aventurer,2027-10-20 10:55:08.392634
Afterwards,després,2027-10-21 10:55:08.392634
Aggression,agressivitat,2027-10-22 10:55:08.392634
Alteration,alteració,2027-10-23 10:55:08.392634
Ambassador,ambaixador,2027-10-24 10:55:08.392634
Analytical,analítiques,2027-10-25 10:55:08.392634
Antibiotic,antibiòtic,2027-10-26 10:55:08.392634
Anticipate,preveure,2027-10-27 10:55:08.392634
Appreciate,apreciar,2027-10-28 10:55:08.392634
Artificial,artificial,2027-10-29 10:55:08.392634
Aspiration,aspiració,2027-10-30 10:55:08.392634
Assignment,encàrrec,2027-10-31 10:55:08.392634
Atmosphere,atmosfera,2027-11-01 10:55:08.392634
Attachment,adjunt,2027-11-02 10:55:08.392634
Attraction,atracció,2027-11-03 10:55:08.392634
Chloroform,cloroform,2027-11-04 10:55:08.392634
Combustion,combustió,2027-11-05 10:55:08.392634
Commission,comissió,2027-11-06 10:55:08.392634
Compassion,compassió,2027-11-07 10:55:08.392634
Compulsory,obligatòria,2027-11-08 10:55:08.392634
Conclusion,conclusió,2027-11-09 10:55:08.392634
Confection,confecció,2027-11-10 10:55:08.392634
Corruption,corrupció,2027-11-11 10:55:08.392634
Decoration,decoració,2027-11-12 10:55:08.392634
Dedication,dedicació,2027-11-13 10:55:08.392634
Deficiency,deficiència,2027-11-14 10:55:08.392634
Definition,definició,2027-11-15 10:55:08.392634
Department,departament,2027-11-16 10:55:08.392634
Depression,depressió,2027-11-17 10:55:08.392634
Dictionary,diccionari,2027-11-18 10:55:08.392634
Discipline,disciplina,2027-11-19 10:55:08.392634
Disclaimer,exempció de responsabilitat,2027-11-20 10:55:08.392634
Disclosure,divulgació,2027-11-21 10:55:08.392634
,,2027-11-22 10:55:08.392634
,,2027-11-23 10:55:08.392634
Discussion,discussió,2027-11-24 10:55:08.392634
Efficiency,eficiència,2027-11-25 10:55:08.392634
Employment,ocupació,2027-11-26 10:55:08.392634
Engagement,compromís,2027-11-27 10:55:08.392634
Everything,tot,2027-11-28 10:55:08.392634
Everywhere,arreu,2027-11-29 10:55:08.392634
Exhibition,exposició,2027-11-30 10:55:08.392634
Experience,experiència,2027-12-01 10:55:08.392634
Experiment,experiment,2027-12-02 10:55:08.392634
Expiration,caducitat,2027-12-03 10:55:08.392634
Expression,expressió,2027-12-04 10:55:08.392634
Fertilizer,fertilitzant,2027-12-05 10:55:08.392634
Foundation,fundació,2027-12-06 10:55:08.392634
Generation,generació,2027-12-07 10:55:08.392634
Government,govern,2027-12-08 10:55:08.392634
Importance,importància,2027-12-09 10:55:08.392634
Impossible,impossible,2027-12-10 10:55:08.392634
Inadequate,inadequat,2027-12-11 10:55:08.392634
Incomplete,incompleta,2027-12-12 10:55:08.392634
Incredible,increïble,2027-12-13 10:55:08.392634
Individual,individual,2027-12-14 10:55:08.392634
Inspection,inspecció,2027-12-15 10:55:08.392634
Instrument,instrument,2027-12-16 10:55:08.392634
Irrigation,regadiu,2027-12-17 10:55:08.392634
Journalism,periodisme,2027-12-18 10:55:08.392634
Management,gestió,2027-12-19 10:55:08.392634
Moderation,moderació,2027-12-20 10:55:08.392634
Motivation,motivació,2027-12-21 10:55:08.392634
Negligible,insignificant,2027-12-22 10:55:08.392634
Occupation,ocupació,2027-12-23 10:55:08.392634
Particular,particular,2027-12-24 10:55:08.392634
Passionate,apassionat,2027-12-25 10:55:08.392634
Permission,permís,2027-12-26 10:55:08.392634
Population,població,2027-12-27 10:55:08.392634
Production,producció,2027-12-28 10:55:08.392634
Prostitute,prostituta,2027-12-29 10:55:08.392634
Protection,protecció,2027-12-30 10:55:08.392634
Psychology,Psicologia,2027-12-31 10:55:08.392634
Punishment,càstig,2028-01-01 10:55:08.392634
Quarantine,quarantena,2028-01-02 10:55:08.392634
Retirement,jubilació,2028-01-03 10:55:08.392634
Sufficient,suficient,2028-01-04 10:55:08.392634
Supervisor,supervisor,2028-01-05 10:55:08.392634
Supplement,suplement,2028-01-06 10:55:08.392634
University,universitat,2028-01-07 10:55:08.392634
Vegetarian,vegetariana,2028-01-08 10:55:08.392634
Visibility,visibilitat,2028-01-09 10:55:08.392634
Vulnerable,vulnerable,2028-01-10 10:55:08.392634
Accommodate,acomodar,2028-01-11 10:55:08.392634
Achievement,assoliment,2028-01-12 10:55:08.392634
Acknowledge,reconèixer,2028-01-13 10:55:08.392634
Affirmation,afirmació,2028-01-14 10:55:08.392634
Aggregation,agregació,2028-01-15 10:55:08.392634
Agriculture,agricultura,2028-01-16 10:55:08.392634
Alternation,alternança,2028-01-17 10:55:08.392634
Anniversary,aniversari,2028-01-18 10:55:08.392634
Application,aplicació,2028-01-19 10:55:08.392634
Appointment,cita,2028-01-20 10:55:08.392634
Appreciable,apreciable,2028-01-21 10:55:08.392634
Approximate,aproximada,2028-01-22 10:55:08.392634
Association,Associació,2028-01-23 10:55:08.392634
Certificate,certificat,2028-01-24 10:55:08.392634
Competition,competició,2028-01-25 10:55:08.392634
Cultivation,cultiu,2028-01-26 10:55:08.392634
Corporation,corporació,2028-01-27 10:55:08.392634
Cooperation,cooperació,2028-01-28 10:55:08.392634
Dehydration,deshidratació,2028-01-29 10:55:08.392634
Discontinue,interrompre,2028-01-30 10:55:08.392634
Elimination,eliminació,2028-01-31 10:55:08.392634
Environment,medi ambient,2028-02-01 10:55:08.392634
Evaporation,evaporació,2028-02-02 10:55:08.392634
Examination,examen,2028-02-03 10:55:08.392634
Expenditure,despesa,2028-02-04 10:55:08.392634
Fabrication,fabricació,2028-02-05 10:55:08.392634
Improvement,millora,2028-02-06 10:55:08.392634
Independent,independent,2028-02-07 10:55:08.392634
Information,informació,2028-02-08 10:55:08.392634
Inspiration,inspiració,2028-02-09 10:55:08.392634
Institution,institució,2028-02-10 10:55:08.392634
Instruction,instrucció,2028-02-11 10:55:08.392634
Intelligent,intel · ligent,2028-02-12 10:55:08.392634
Manufacture,fabricació,2028-02-13 10:55:08.392634
Measurement,mesura,2028-02-14 10:55:08.392634
Mensuration,mesura,2028-02-15 10:55:08.392634
Observation,observació,2028-02-16 10:55:08.392634
Opportunity,oportunitat,2028-02-17 10:55:08.392634
Participant,participant,2028-02-18 10:55:08.392634
Performance,rendiment,2028-02-19 10:55:08.392634
Preparation,preparació,2028-02-20 10:55:08.392634
Significant,significatiu,2028-02-21 10:55:08.392634
Temperature,temperatura,2028-02-22 10:55:08.392634
Translation,traducció,2028-02-23 10:55:08.392634
Transparent,transparent,2028-02-24 10:55:08.392634
Vaccination,vacunació,2028-02-25 10:55:08.392634
Abbreviation,abreviatura,2028-02-26 10:55:08.392634
Administrate,administrar,2028-02-27 10:55:08.392634
Appreciation,apreciació,2028-02-28 10:55:08.392634
Accommodation,allotjament,2028-02-29 10:55:08.392634
Accompaniment,acompanyament,2028-03-01 10:55:08.392634
Administrator,administrador,2028-03-02 10:55:08.392634
Advertisement,anunci,2028-03-03 10:55:08.392634
Administration,Administració,2028-03-04 10:55:08.392634
Acknowledgement,reconeixement,2028-03-05 10:55:08.392634
Conformation,conformació,2028-03-06 10:55:08.392634
Conservation,conservació,2028-03-07 10:55:08.392634
Constitution,constitució,2028-03-08 10:55:08.392634
Construction,construcció,2028-03-09 10:55:08.392634
Contribution,contribució,2028-03-10 10:55:08.392634
Communication,comunicació,2028-03-11 10:55:08.392634
Classification,classificació,2028-03-12 10:55:08.392634
Congratulation,enhorabona,2028-03-13 10:55:08.392634
Disadvantage,desavantatge,2028-03-14 10:55:08.392634
Entrepreneur,empresari,2028-03-15 10:55:08.392634
Entertainment,entreteniment,2028-03-16 10:55:08.392634
Extraordinary,extraordinari,2028-03-17 10:55:08.392634
Horticulture,horticultura,2028-03-18 10:55:08.392634
Intermediate,intermedi,2028-03-19 10:55:08.392634
Introduction,introducció,2028-03-20 10:55:08.392634
Investigation,investigació,2028-03-21 10:55:08.392634
International,internacional,2028-03-22 10:55:08.392634
Identification,identificació,2028-03-23 10:55:08.392634
Justification,justificació,2028-03-24 10:55:08.392634
Knowledgeable,coneixedor,2028-03-25 10:55:08.392634
Maintainable,mantenible,2028-03-26 10:55:08.392634
Organization,organització,2028-03-27 10:55:08.392634
Presentation,presentació,2028-03-28 10:55:08.392634
Preservation,conservació,2028-03-29 10:55:08.392634
Purification,purificació,2028-03-30 10:55:08.392634
Participation,participació,2028-03-31 10:55:08.392634
Registration,registre,2028-04-01 10:55:08.392634
Reproduction,reproducció,2028-04-02 10:55:08.392634
Satisfaction,satisfacció,2028-04-03 10:55:08.392634
Self confidence,confiança en un mateix,2028-04-04 10:55:08.392634
Transformation,transformació,2028-04-05 10:55:08.392634
Transportation,transport,2028-04-06 10:55:08.392634
